Suggested_job_role,course_1,course_2,course_3,course_4,course_5
Technical Support Specialist,Software Engineering,Integrative Programming and Tech,Integrative Programming and Tech,System Integration and Architecture,Networking
Software Engineer / Programmer,Networking,Information Assurance and Security,Networking,Information Assurance and Security,System Integration and Architecture
Academician,Networking,Networking,Integrative Programming and Tech,Software Engineering,Networking
Administrative Assistant,System Integration and Architecture,Information Assurance and Security,Networking,System Integration and Architecture,Information Assurance and Security
Software Engineer / Programmer,Networking,Software Engineering,Networking,Information Assurance and Security,Information Assurance and Security
Technical Support Specialist,Software Engineering,System Integration and Architecture,Software Engineering,Integrative Programming and Tech,Networking
Software Engineer / Programmer,Software Engineering,Integrative Programming and Tech,System Integration and Architecture,Information Assurance and Security,Information Assurance and Security
Software Engineer / Programmer,Integrative Programming and Tech,Software Engineering,Networking,Software Engineering,Networking
Administrative Assistant,Software Engineering,System Integration and Architecture,System Integration and Architecture,Information Assurance and Security,Networking
Administrative Assistant,Information Assurance and Security,Networking,System Integration and Architecture,Software Engineering,Software Engineering
Technical Support Specialist,Integrative Programming and Tech,Information Assurance and Security,Information Assurance and Security,Networking,System Integration and Architecture
Technical Support Specialist,Software Engineering,Information Assurance and Security,Integrative Programming and Tech,System Integration and Architecture,Information Assurance and Security
Software Engineer / Programmer,Information Assurance and Security,Information Assurance and Security,Information Assurance and Security,Networking,Networking
Software Engineer / Programmer,Information Assurance and Security,Networking,Software Engineering,Information Assurance and Security,Software Engineering
Technical Support Specialist,Software Engineering,Networking,Integrative Programming and Tech,Software Engineering,Integrative Programming and Tech
Software Engineer / Programmer,Software Engineering,Software Engineering,System Integration and Architecture,System Integration and Architecture,Information Assurance and Security
Administrative Assistant,Integrative Programming and Tech,Software Engineering,Software Engineering,System Integration and Architecture,Software Engineering
Technical Support Specialist,Software Engineering,Software Engineering,Software Engineering,Information Assurance and Security,Software Engineering
Academician,Information Assurance and Security,Software Engineering,Information Assurance and Security,Information Assurance and Security,System Integration and Architecture
Software Engineer / Programmer,Integrative Programming and Tech,Integrative Programming and Tech,Networking,Information Assurance and Security,Integrative Programming and Tech
Software Engineer / Programmer,System Integration and Architecture,Networking,Information Assurance and Security,Information Assurance and Security,System Integration and Architecture
Academician,Software Engineering,Software Engineering,Software Engineering,Software Engineering,Software Engineering
Technical Support Specialist,Integrative Programming and Tech,Networking,Software Engineering,Networking,Networking
Administrative Assistant,System Integration and Architecture,System Integration and Architecture,Networking,System Integration and Architecture,Software Engineering
Academician,Information Assurance and Security,Integrative Programming and Tech,Software Engineering,System Integration and Architecture,Networking
Academician,Networking,Software Engineering,Networking,System Integration and Architecture,Networking
Academician,System Integration and Architecture,Information Assurance and Security,Software Engineering,Networking,Networking
Software Engineer / Programmer,Information Assurance and Security,Software Engineering,Integrative Programming and Tech,Networking,System Integration and Architecture
Academician,Networking,Information Assurance and Security,Information Assurance and Security,Software Engineering,System Integration and Architecture
Administrative Assistant,Networking,Software Engineering,Networking,Information Assurance and Security,Networking
Technical Support Specialist,System Integration and Architecture,Integrative Programming and Tech,Software Engineering,Software Engineering,System Integration and Architecture
Technical Support Specialist,System Integration and Architecture,System Integration and Architecture,Networking,System Integration and Architecture,Integrative Programming and Tech
Software Engineer / Programmer,Software Engineering,Networking,System Integration and Architecture,Networking,Information Assurance and Security
Academician,Networking,Software Engineering,System Integration and Architecture,Software Engineering,Networking
Technical Support Specialist,Software Engineering,Networking,Information Assurance and Security,Integrative Programming and Tech,Networking
Technical Support Specialist,System Integration and Architecture,System Integration and Architecture,Integrative Programming and Tech,System Integration and Architecture,Software Engineering
Administrative Assistant,Integrative Programming and Tech,Information Assurance and Security,Software Engineering,Information Assurance and Security,Software Engineering
Administrative Assistant,System Integration and Architecture,Software Engineering,Integrative Programming and Tech,System Integration and Architecture,Networking
Administrative Assistant,Information Assurance and Security,System Integration and Architecture,Software Engineering,Information Assurance and Security,Integrative Programming and Tech
Academician,Integrative Programming and Tech,Networking,Information Assurance and Security,Software Engineering,Networking
Technical Support Specialist,Networking,Software Engineering,Software Engineering,Information Assurance and Security,Information Assurance and Security
Technical Support Specialist,Networking,Software Engineering,System Integration and Architecture,Software Engineering,Software Engineering
Administrative Assistant,Networking,Networking,System Integration and Architecture,Software Engineering,System Integration and Architecture
Software Engineer / Programmer,Integrative Programming and Tech,Software Engineering,Information Assurance and Security,Information Assurance and Security,Software Engineering
Technical Support Specialist,System Integration and Architecture,System Integration and Architecture,System Integration and Architecture,Information Assurance and Security,Networking
Technical Support Specialist,System Integration and Architecture,Information Assurance and Security,Information Assurance and Security,Software Engineering,Integrative Programming and Tech
Administrative Assistant,System Integration and Architecture,Networking,System Integration and Architecture,Networking,Information Assurance and Security
Administrative Assistant,Information Assurance and Security,Information Assurance and Security,System Integration and Architecture,Networking,Integrative Programming and Tech
Software Engineer / Programmer,System Integration and Architecture,Software Engineering,Information Assurance and Security,Networking,Software Engineering
Administrative Assistant,Information Assurance and Security,Integrative Programming and Tech,Information Assurance and Security,System Integration and Architecture,Software Engineering
Academician,Integrative Programming and Tech,Information Assurance and Security,Information Assurance and Security,Information Assurance and Security,Integrative Programming and Tech
Software Engineer / Programmer,Networking,Software Engineering,Software Engineering,Information Assurance and Security,Networking
Technical Support Specialist,Networking,Information Assurance and Security,Integrative Programming and Tech,Software Engineering,System Integration and Architecture
Technical Support Specialist,Networking,Software Engineering,Information Assurance and Security,Software Engineering,Networking
Technical Support Specialist,Integrative Programming and Tech,System Integration and Architecture,Software Engineering,Information Assurance and Security,Networking
Administrative Assistant,Integrative Programming and Tech,System Integration and Architecture,System Integration and Architecture,Integrative Programming and Tech,Integrative Programming and Tech
Technical Support Specialist,Integrative Programming and Tech,Integrative Programming and Tech,System Integration and Architecture,Networking,Information Assurance and Security
Software Engineer / Programmer,Software Engineering,Networking,Integrative Programming and Tech,Networking,System Integration and Architecture
Technical Support Specialist,Information Assurance and Security,Information Assurance and Security,System Integration and Architecture,System Integration and Architecture,Software Engineering
Administrative Assistant,Networking,Software Engineering,Information Assurance and Security,Integrative Programming and Tech,Integrative Programming and Tech
Administrative Assistant,Networking,Information Assurance and Security,Information Assurance and Security,Software Engineering,Networking
Administrative Assistant,Software Engineering,Integrative Programming and Tech,Networking,Software Engineering,Information Assurance and Security
Administrative Assistant,Networking,Software Engineering,System Integration and Architecture,System Integration and Architecture,Information Assurance and Security
Technical Support Specialist,System Integration and Architecture,System Integration and Architecture,Software Engineering,Networking,System Integration and Architecture
Academician,System Integration and Architecture,System Integration and Architecture,System Integration and Architecture,Software Engineering,Software Engineering
Technical Support Specialist,Integrative Programming and Tech,Networking,Integrative Programming and Tech,Networking,Networking
Technical Support Specialist,System Integration and Architecture,Networking,Integrative Programming and Tech,System Integration and Architecture,Information Assurance and Security
Software Engineer / Programmer,System Integration and Architecture,Information Assurance and Security,Networking,System Integration and Architecture,Integrative Programming and Tech
Technical Support Specialist,Software Engineering,System Integration and Architecture,System Integration and Architecture,Information Assurance and Security,Integrative Programming and Tech
Software Engineer / Programmer,System Integration and Architecture,Networking,Information Assurance and Security,Information Assurance and Security,Software Engineering
Technical Support Specialist,Software Engineering,Software Engineering,Information Assurance and Security,Software Engineering,Software Engineering
Administrative Assistant,System Integration and Architecture,Integrative Programming and Tech,Integrative Programming and Tech,Networking,Software Engineering
Administrative Assistant,Integrative Programming and Tech,System Integration and Architecture,Information Assurance and Security,Networking,Integrative Programming and Tech
Technical Support Specialist,Integrative Programming and Tech,Networking,System Integration and Architecture,Software Engineering,Integrative Programming and Tech
Administrative Assistant,Integrative Programming and Tech,Software Engineering,System Integration and Architecture,Networking,System Integration and Architecture
Technical Support Specialist,System Integration and Architecture,Integrative Programming and Tech,Software Engineering,Networking,Integrative Programming and Tech
Administrative Assistant,Software Engineering,Software Engineering,Information Assurance and Security,Software Engineering,System Integration and Architecture
Software Engineer / Programmer,Networking,Integrative Programming and Tech,Integrative Programming and Tech,Integrative Programming and Tech,Information Assurance and Security
Software Engineer / Programmer,Information Assurance and Security,Software Engineering,System Integration and Architecture,Software Engineering,System Integration and Architecture
Software Engineer / Programmer,Networking,System Integration and Architecture,Information Assurance and Security,Integrative Programming and Tech,Software Engineering
Software Engineer / Programmer,Integrative Programming and Tech,Networking,Integrative Programming and Tech,Integrative Programming and Tech,Software Engineering
Software Engineer / Programmer,Software Engineering,Integrative Programming and Tech,Software Engineering,Software Engineering,System Integration and Architecture
Software Engineer / Programmer,Information Assurance and Security,Networking,Networking,Software Engineering,Integrative Programming and Tech
Technical Support Specialist,Networking,System Integration and Architecture,Information Assurance and Security,System Integration and Architecture,System Integration and Architecture
Software Engineer / Programmer,Networking,Integrative Programming and Tech,Software Engineering,Networking,Information Assurance and Security
Software Engineer / Programmer,Information Assurance and Security,Integrative Programming and Tech,System Integration and Architecture,System Integration and Architecture,Integrative Programming and Tech
Technical Support Specialist,System Integration and Architecture,Networking,Networking,System Integration and Architecture,Software Engineering
Software Engineer / Programmer,Information Assurance and Security,Information Assurance and Security,Software Engineering,System Integration and Architecture,Integrative Programming and Tech
Academician,Networking,System Integration and Architecture,Software Engineering,Information Assurance and Security,Networking
Software Engineer / Programmer,Networking,Networking,System Integration and Architecture,Software Engineering,System Integration and Architecture
Administrative Assistant,Software Engineering,Software Engineering,Networking,System Integration and Architecture,System Integration and Architecture
Software Engineer / Programmer,Software Engineering,Software Engineering,Networking,Software Engineering,Networking
Technical Support Specialist,Software Engineering,Integrative Programming and Tech,Integrative Programming and Tech,Information Assurance and Security,System Integration and Architecture
Technical Support Specialist,System Integration and Architecture,System Integration and Architecture,System Integration and Architecture,Information Assurance and Security,System Integration and Architecture
Technical Support Specialist,Integrative Programming and Tech,Integrative Programming and Tech,Information Assurance and Security,Networking,Software Engineering
Administrative Assistant,Information Assurance and Security,Integrative Programming and Tech,Software Engineering,Software Engineering,Software Engineering
Software Engineer / Programmer,Software Engineering,Networking,Software Engineering,Networking,Integrative Programming and Tech
Software Engineer / Programmer,System Integration and Architecture,Integrative Programming and Tech,System Integration and Architecture,Software Engineering,Software Engineering
Technical Support Specialist,Information Assurance and Security,Information Assurance and Security,Information Assurance and Security,Integrative Programming and Tech,Integrative Programming and Tech
Academician,Networking,Information Assurance and Security,System Integration and Architecture,Networking,Information Assurance and Security
Software Engineer / Programmer,Software Engineering,Software Engineering,System Integration and Architecture,Information Assurance and Security,Information Assurance and Security
Administrative Assistant,Information Assurance and Security,System Integration and Architecture,Networking,System Integration and Architecture,Integrative Programming and Tech
Technical Support Specialist,Integrative Programming and Tech,Networking,Integrative Programming and Tech,Networking,System Integration and Architecture
